has_target_entity,n,acc,FPR,FNR
0,3178.0,0.9965387035871618,0.0022026431718061676,0.0012586532410320957
1,19.0,1.0,0.0,0.0
